{
  "FileName": "x7n65HjFh9.png",
  "FilePath": "C:\\Users\\cikap\\Pictures\\Screenshot\\x7n65HjFh9.png",
  "DateTime": "2022-03-13T11:06:28.3961151+01:00",
  "Type": "Image",
  "Host": "",
  "Tags": {
    "ProcessName": "explorer"
  }
},
{
  "FileName": "ApplicationFrameHost_p4IRNP7F3y.png",
  "FilePath": "C:\\Users\\cikap\\Pictures\\Screenshot\\ApplicationFrameHost_p4IRNP7F3y.png",
  "DateTime": "2022-03-13T17:06:05.8064123+01:00",
  "Type": "Image",
  "Host": "",
  "Tags": {
    "WindowTitle": "Realtek Audio Console",
    "ProcessName": "ApplicationFrameHost"
  }
},
{
  "FileName": "ApplicationFrameHost_Gb5MJQbHPr.png",
  "FilePath": "C:\\Users\\cikap\\Pictures\\Screenshot\\ApplicationFrameHost_Gb5MJQbHPr.png",
  "DateTime": "2022-03-13T17:06:07.6859965+01:00",
  "Type": "Image",
  "Host": "",
  "Tags": {
    "WindowTitle": "Realtek Audio Console",
    "ProcessName": "ApplicationFrameHost"
  }
},
{
  "FileName": "x9YCXRdCfT.png",
  "FilePath": "C:\\Users\\cikap\\Pictures\\Screenshot\\x9YCXRdCfT.png",
  "DateTime": "2022-03-15T17:19:29.285282+01:00",
  "Type": "Image",
  "Host": "",
  "Tags": {
    "ProcessName": "explorer"
  }
}