{
  "FileName": "x7n65HjFh9.png",
  "FilePath": "C:\\Users\\cikap\\Pictures\\Screenshot\\x7n65HjFh9.png",
  "DateTime": "2022-03-13T11:06:28.3961151+01:00",
  "Type": "Image",
  "Host": "",
  "Tags": {
    "ProcessName": "explorer"
  }
},
{
  "FileName": "ApplicationFrameHost_p4IRNP7F3y.png",
  "FilePath": "C:\\Users\\cikap\\Pictures\\Screenshot\\ApplicationFrameHost_p4IRNP7F3y.png",
  "DateTime": "2022-03-13T17:06:05.8064123+01:00",
  "Type": "Image",
  "Host": "",
  "Tags": {
    "WindowTitle": "Realtek Audio Console",
    "ProcessName": "ApplicationFrameHost"
  }
},
{
  "FileName": "ApplicationFrameHost_Gb5MJQbHPr.png",
  "FilePath": "C:\\Users\\cikap\\Pictures\\Screenshot\\ApplicationFrameHost_Gb5MJQbHPr.png",
  "DateTime": "2022-03-13T17:06:07.6859965+01:00",
  "Type": "Image",
  "Host": "",
  "Tags": {
    "WindowTitle": "Realtek Audio Console",
    "ProcessName": "ApplicationFrameHost"
  }
},
{
  "FileName": "x9YCXRdCfT.png",
  "FilePath": "C:\\Users\\cikap\\Pictures\\Screenshot\\x9YCXRdCfT.png",
  "DateTime": "2022-03-15T17:19:29.285282+01:00",
  "Type": "Image",
  "Host": "",
  "Tags": {
    "ProcessName": "explorer"
  }
},
{
  "FileName": "firefox_nTiErKUUxQ.png",
  "FilePath": "C:\\Users\\cikap\\Pictures\\Screenshot\\firefox_nTiErKUUxQ.png",
  "DateTime": "2022-03-15T17:23:02.1791935+01:00",
  "Type": "Image",
  "Host": "",
  "Tags": {
    "WindowTitle": "BBSpazio - Google Drive — Mozilla Firefox",
    "ProcessName": "firefox"
  }
},
{
  "FileName": "firefox_cI7UVxLoCX.png",
  "FilePath": "C:\\Users\\cikap\\Pictures\\Screenshot\\firefox_cI7UVxLoCX.png",
  "DateTime": "2022-03-15T17:27:57.8175468+01:00",
  "Type": "Image",
  "Host": "",
  "Tags": {
    "WindowTitle": "Outro - Google Drive — Mozilla Firefox",
    "ProcessName": "firefox"
  }
},
{
  "FileName": "W5L1PBy6vY.png",
  "FilePath": "C:\\Users\\cikap\\Pictures\\Screenshot\\W5L1PBy6vY.png",
  "DateTime": "2022-03-17T20:39:55.4964209+01:00",
  "Type": "Image",
  "Host": "",
  "Tags": {
    "ProcessName": "explorer"
  }
},
{
  "FileName": "explorer_jIyUKtLlsk.png",
  "FilePath": "C:\\Users\\cikap\\Pictures\\Screenshot\\explorer_jIyUKtLlsk.png",
  "DateTime": "2022-03-17T20:43:33.1353908+01:00",
  "Type": "Image",
  "Host": "",
  "Tags": {
    "WindowTitle": "Destination Folder Access Denied",
    "ProcessName": "explorer"
  }
},
{
  "FileName": "eiLtwaRThT.png",
  "FilePath": "C:\\Users\\cikap\\Pictures\\Screenshot\\eiLtwaRThT.png",
  "DateTime": "2022-03-17T20:44:39.0817717+01:00",
  "Type": "Image",
  "Host": "",
  "Tags": {
    "ProcessName": "explorer"
  }
},
{
  "FileName": "Code_BfKpQohheJ.png",
  "FilePath": "C:\\Users\\cikap\\Pictures\\Screenshot\\Code_BfKpQohheJ.png",
  "DateTime": "2022-03-17T20:50:30.9165743+01:00",
  "Type": "Image",
  "Host": "",
  "Tags": {
    "WindowTitle": "● Untitled-1 - Visual Studio Code",
    "ProcessName": "Code"
  }
},
{
  "FileName": "ApplicationFrameHost_t8muKHdCzi.png",
  "FilePath": "C:\\Users\\cikap\\Pictures\\Screenshot\\ApplicationFrameHost_t8muKHdCzi.png",
  "DateTime": "2022-03-17T20:54:55.9558285+01:00",
  "Type": "Image",
  "Host": "",
  "Tags": {
    "WindowTitle": "Settings",
    "ProcessName": "ApplicationFrameHost"
  }
},
{
  "FileName": "NanaZip_FTDRUdOI05.png",
  "FilePath": "C:\\Users\\cikap\\Pictures\\Screenshot\\NanaZip_FTDRUdOI05.png",
  "DateTime": "2022-03-17T20:55:31.1447542+01:00",
  "Type": "Image",
  "Host": "",
  "Tags": {
    "WindowTitle": "D:\\Download\\mfe-v0.0.4.1-x64.zip\\",
    "ProcessName": "NanaZip"
  }
},
{
  "FileName": "Taskmgr_AsrXJHLbu4.png",
  "FilePath": "C:\\Users\\cikap\\Pictures\\Screenshot\\Taskmgr_AsrXJHLbu4.png",
  "DateTime": "2022-03-17T20:58:33.695007+01:00",
  "Type": "Image",
  "Host": "",
  "Tags": {
    "WindowTitle": "Task Manager",
    "ProcessName": "Taskmgr"
  }
},
{
  "FileName": "firefox_yLfB5wzfxC.png",
  "FilePath": "C:\\Users\\cikap\\Pictures\\Screenshot\\firefox_yLfB5wzfxC.png",
  "DateTime": "2022-03-17T21:00:16.1343582+01:00",
  "Type": "Image",
  "Host": "",
  "Tags": {
    "WindowTitle": "GitHub - minusium/MicaForEveryone at v0.0.4.1 — Mozilla Firefox",
    "ProcessName": "firefox"
  }
},
{
  "FileName": "firefox_E0zUzffHTO.png",
  "FilePath": "C:\\Users\\cikap\\Pictures\\Screenshot\\firefox_E0zUzffHTO.png",
  "DateTime": "2022-03-18T21:12:40.9702343+01:00",
  "Type": "Image",
  "Host": "",
  "Tags": {
    "WindowTitle": "windows presentation foundation - Cerca con Google — Mozilla Firefox",
    "ProcessName": "firefox"
  }
},
{
  "FileName": "gBVZKXNNNA.png",
  "FilePath": "C:\\Users\\cikap\\Pictures\\Screenshot\\gBVZKXNNNA.png",
  "DateTime": "2022-03-18T21:47:17.5003768+01:00",
  "Type": "Image",
  "Host": "",
  "Tags": {
    "ProcessName": "explorer"
  }
},
{
  "FileName": "Resolve_oL9Yf7I1r5.png",
  "FilePath": "C:\\Users\\cikap\\Pictures\\Screenshot\\Resolve_oL9Yf7I1r5.png",
  "DateTime": "2022-03-18T21:54:26.4322982+01:00",
  "Type": "Image",
  "Host": "",
  "Tags": {
    "WindowTitle": "DaVinci Resolve - versione_di_windows_ep6",
    "ProcessName": "Resolve"
  }
},
{
  "FileName": "mmc_o0YetCqZI6.png",
  "FilePath": "C:\\Users\\cikap\\Pictures\\Screenshot\\mmc_o0YetCqZI6.png",
  "DateTime": "2022-03-19T10:56:01.8810087+01:00",
  "Type": "Image",
  "Host": "",
  "Tags": {
    "WindowTitle": "Device Manager",
    "ProcessName": "mmc"
  }
},
{
  "FileName": "mmc_rFQMylW8v8.png",
  "FilePath": "C:\\Users\\cikap\\Pictures\\Screenshot\\mmc_rFQMylW8v8.png",
  "DateTime": "2022-03-19T10:56:03.0593253+01:00",
  "Type": "Image",
  "Host": "",
  "Tags": {
    "WindowTitle": "Device Manager",
    "ProcessName": "mmc"
  }
},
{
  "FileName": "firefox_2uIQRCeahZ.png",
  "FilePath": "C:\\Users\\cikap\\Pictures\\Screenshot\\firefox_2uIQRCeahZ.png",
  "DateTime": "2022-03-19T11:03:11.7103369+01:00",
  "Type": "Image",
  "Host": "",
  "Tags": {
    "WindowTitle": "Library",
    "ProcessName": "firefox"
  }
},
{
  "FileName": "firefox_Q105BW9n8w.png",
  "FilePath": "C:\\Users\\cikap\\Pictures\\Screenshot\\firefox_Q105BW9n8w.png",
  "DateTime": "2022-03-19T12:44:25.1675612+01:00",
  "Type": "Image",
  "Host": "",
  "Tags": {
    "WindowTitle": "(7) windows vista - YouTube — Mozilla Firefox",
    "ProcessName": "firefox"
  }
},
{
  "FileName": "firefox_YfPiTILwVR.png",
  "FilePath": "C:\\Users\\cikap\\Pictures\\Screenshot\\firefox_YfPiTILwVR.png",
  "DateTime": "2022-03-19T12:44:45.3292041+01:00",
  "Type": "Image",
  "Host": "",
  "Tags": {
    "WindowTitle": "(7) windows vista - YouTube — Mozilla Firefox",
    "ProcessName": "firefox"
  }
},
{
  "FileName": "firefox_yp34LzxhPb.png",
  "FilePath": "C:\\Users\\cikap\\Pictures\\Screenshot\\firefox_yp34LzxhPb.png",
  "DateTime": "2022-03-19T12:44:52.2723268+01:00",
  "Type": "Image",
  "Host": "",
  "Tags": {
    "WindowTitle": "(7) windows vista - YouTube — Mozilla Firefox",
    "ProcessName": "firefox"
  }
},
{
  "FileName": "firefox_91zi38fFjA.png",
  "FilePath": "C:\\Users\\cikap\\Pictures\\Screenshot\\firefox_91zi38fFjA.png",
  "DateTime": "2022-03-19T13:07:35.4994498+01:00",
  "Type": "Image",
  "Host": "",
  "Tags": {
    "WindowTitle": "feature creep - Cerca con Google — Mozilla Firefox",
    "ProcessName": "firefox"
  }
},
{
  "FileName": "Gr38ql6Isl.png",
  "FilePath": "C:\\Users\\cikap\\Pictures\\Screenshot\\Gr38ql6Isl.png",
  "DateTime": "2022-03-20T10:26:47.439873+01:00",
  "Type": "Image",
  "Host": "",
  "Tags": {
    "ProcessName": "explorer"
  }
},
{
  "FileName": "notepad++_ya6OH2wHmj.png",
  "FilePath": "C:\\Users\\cikap\\Pictures\\Screenshot\\notepad++_ya6OH2wHmj.png",
  "DateTime": "2022-03-20T16:45:23.3856047+01:00",
  "Type": "Image",
  "Host": "",
  "Tags": {
    "WindowTitle": "D:\\OneDrive\\Sincronizzata\\AHK\\resolve shortcut.ahk - Notepad++",
    "ProcessName": "notepad++"
  }
},
{
  "FileName": "Taskmgr_wGQchBQbXb.png",
  "FilePath": "C:\\Users\\cikap\\Pictures\\Screenshot\\Taskmgr_wGQchBQbXb.png",
  "DateTime": "2022-03-20T16:50:36.8079892+01:00",
  "Type": "Image",
  "Host": "",
  "Tags": {
    "WindowTitle": "Task Manager",
    "ProcessName": "Taskmgr"
  }
},
{
  "FileName": "Taskmgr_1OBl9TI2MA.png",
  "FilePath": "C:\\Users\\cikap\\Pictures\\Screenshot\\Taskmgr_1OBl9TI2MA.png",
  "DateTime": "2022-03-20T17:11:36.6393177+01:00",
  "Type": "Image",
  "Host": "",
  "Tags": {
    "WindowTitle": "Task Manager",
    "ProcessName": "Taskmgr"
  }
},
{
  "FileName": "Resolve_dQtpDWuIYy.png",
  "FilePath": "C:\\Users\\cikap\\Pictures\\Screenshot\\Resolve_dQtpDWuIYy.png",
  "DateTime": "2022-03-20T21:44:37.785352+01:00",
  "Type": "Image",
  "Host": "",
  "Tags": {
    "WindowTitle": "Problem Report for DaVinci Resolve",
    "ProcessName": "Resolve"
  }
},
{
  "FileName": "firefox_Advh5Bi7N6.png",
  "FilePath": "C:\\Users\\cikap\\Pictures\\Screenshot\\firefox_Advh5Bi7N6.png",
  "DateTime": "2022-03-20T21:46:01.1824948+01:00",
  "Type": "Image",
  "Host": "",
  "Tags": {
    "WindowTitle": "VendorCo ProductCode USB Device Error - YouTube — Mozilla Firefox",
    "ProcessName": "firefox"
  }
},
{
  "FileName": "ApplicationFrameHost_NqZZaUaqQQ.png",
  "FilePath": "C:\\Users\\cikap\\Pictures\\Screenshot\\ApplicationFrameHost_NqZZaUaqQQ.png",
  "DateTime": "2022-03-20T21:46:25.0823892+01:00",
  "Type": "Image",
  "Host": "",
  "Tags": {
    "WindowTitle": "Unigram",
    "ProcessName": "ApplicationFrameHost"
  }
},
{
  "FileName": "ApplicationFrameHost_BzgUk1xqja.png",
  "FilePath": "C:\\Users\\cikap\\Pictures\\Screenshot\\ApplicationFrameHost_BzgUk1xqja.png",
  "DateTime": "2022-03-22T21:26:38.1904171+01:00",
  "Type": "Image",
  "Host": "",
  "Tags": {
    "WindowTitle": "WhatsApp Beta",
    "ProcessName": "ApplicationFrameHost"
  }
},
{
  "FileName": "msedge_yxRjxaSAI5.png",
  "FilePath": "C:\\Users\\cikap\\Pictures\\Screenshot\\msedge_yxRjxaSAI5.png",
  "DateTime": "2022-03-22T21:33:57.1443696+01:00",
  "Type": "Image",
  "Host": "",
  "Tags": {
    "WindowTitle": "La Scuola in Tv - Sicurezza elettrica Pericolosità della corrente elettrica Pt 2 - YouTube and 2 more pages - Work - Microsoft​ Edge",
    "ProcessName": "msedge"
  }
},
{
  "FileName": "msedge_nQX4ZSi3EZ.png",
  "FilePath": "C:\\Users\\cikap\\Pictures\\Screenshot\\msedge_nQX4ZSi3EZ.png",
  "DateTime": "2022-03-22T21:36:01.9030787+01:00",
  "Type": "Image",
  "Host": "",
  "Tags": {
    "WindowTitle": "La Scuola in Tv - Sicurezza elettrica Pericolosità della corrente elettrica Pt 2 - YouTube and 2 more pages - Work - Microsoft​ Edge",
    "ProcessName": "msedge"
  }
},
{
  "FileName": "msedge_JQcd1vFcar.png",
  "FilePath": "C:\\Users\\cikap\\Pictures\\Screenshot\\msedge_JQcd1vFcar.png",
  "DateTime": "2022-03-22T21:39:20.8057996+01:00",
  "Type": "Image",
  "Host": "",
  "Tags": {
    "WindowTitle": "La Scuola in Tv - Sicurezza elettrica Pericolosità della corrente elettrica Pt 2 - YouTube and 2 more pages - Work - Microsoft​ Edge",
    "ProcessName": "msedge"
  }
},
{
  "FileName": "msedge_myukW6A5qB.png",
  "FilePath": "C:\\Users\\cikap\\Pictures\\Screenshot\\msedge_myukW6A5qB.png",
  "DateTime": "2022-03-22T21:42:24.1895501+01:00",
  "Type": "Image",
  "Host": "",
  "Tags": {
    "WindowTitle": "La Scuola in Tv - Sicurezza elettrica Pericolosità della corrente elettrica Pt 2 - YouTube and 2 more pages - Work - Microsoft​ Edge",
    "ProcessName": "msedge"
  }
},
{
  "FileName": "msedge_6otXki2TRd.png",
  "FilePath": "C:\\Users\\cikap\\Pictures\\Screenshot\\msedge_6otXki2TRd.png",
  "DateTime": "2022-03-22T21:44:51.9329064+01:00",
  "Type": "Image",
  "Host": "",
  "Tags": {
    "WindowTitle": "La Scuola in Tv - Sicurezza elettrica Pericolosità della corrente elettrica Pt 2 - YouTube and 2 more pages - Work - Microsoft​ Edge",
    "ProcessName": "msedge"
  }
},
{
  "FileName": "msedge_XcADwMyv2n.png",
  "FilePath": "C:\\Users\\cikap\\Pictures\\Screenshot\\msedge_XcADwMyv2n.png",
  "DateTime": "2022-03-22T21:45:43.9813464+01:00",
  "Type": "Image",
  "Host": "",
  "Tags": {
    "WindowTitle": "La Scuola in Tv - Sicurezza elettrica Pericolosità della corrente elettrica Pt 2 - YouTube and 2 more pages - Work - Microsoft​ Edge",
    "ProcessName": "msedge"
  }
},
{
  "FileName": "msedge_gS1GdoLb7I.png",
  "FilePath": "C:\\Users\\cikap\\Pictures\\Screenshot\\msedge_gS1GdoLb7I.png",
  "DateTime": "2022-03-22T21:48:50.6665188+01:00",
  "Type": "Image",
  "Host": "",
  "Tags": {
    "WindowTitle": "La Scuola in Tv - Sicurezza elettrica Pericolosità della corrente elettrica Pt 2 - YouTube and 2 more pages - Work - Microsoft​ Edge",
    "ProcessName": "msedge"
  }
},
{
  "FileName": "msedge_ZlzUxmJB0D.png",
  "FilePath": "C:\\Users\\cikap\\Pictures\\Screenshot\\msedge_ZlzUxmJB0D.png",
  "DateTime": "2022-03-22T21:52:46.892156+01:00",
  "Type": "Image",
  "Host": "",
  "Tags": {
    "WindowTitle": "La Scuola in Tv - Sicurezza elettrica Pericolosità della corrente elettrica Pt 2 - YouTube and 3 more pages - Work - Microsoft​ Edge",
    "ProcessName": "msedge"
  }
},
{
  "FileName": "msedge_yAB4jrDcUh.png",
  "FilePath": "C:\\Users\\cikap\\Pictures\\Screenshot\\msedge_yAB4jrDcUh.png",
  "DateTime": "2022-03-22T21:55:31.1667936+01:00",
  "Type": "Image",
  "Host": "",
  "Tags": {
    "WindowTitle": "La Scuola in Tv - Sicurezza elettrica Pericolosità della corrente elettrica Pt 2 - YouTube and 2 more pages - Work - Microsoft​ Edge",
    "ProcessName": "msedge"
  }
},
{
  "FileName": "msedge_TX04EfBpOr.png",
  "FilePath": "C:\\Users\\cikap\\Pictures\\Screenshot\\msedge_TX04EfBpOr.png",
  "DateTime": "2022-03-22T21:57:49.5755399+01:00",
  "Type": "Image",
  "Host": "",
  "Tags": {
    "WindowTitle": "La Scuola in Tv - Sicurezza elettrica Pericolosità della corrente elettrica Pt 2 - YouTube and 2 more pages - Work - Microsoft​ Edge",
    "ProcessName": "msedge"
  }
},
{
  "FileName": "msedge_40Y6vG8cds.png",
  "FilePath": "C:\\Users\\cikap\\Pictures\\Screenshot\\msedge_40Y6vG8cds.png",
  "DateTime": "2022-03-22T21:58:32.9909253+01:00",
  "Type": "Image",
  "Host": "",
  "Tags": {
    "WindowTitle": "La Scuola in Tv - Sicurezza elettrica Pericolosità della corrente elettrica Pt 2 - YouTube and 2 more pages - Work - Microsoft​ Edge",
    "ProcessName": "msedge"
  }
},
{
  "FileName": "msedge_taqtcUKyBL.png",
  "FilePath": "C:\\Users\\cikap\\Pictures\\Screenshot\\msedge_taqtcUKyBL.png",
  "DateTime": "2022-03-22T22:00:20.2862087+01:00",
  "Type": "Image",
  "Host": "",
  "Tags": {
    "WindowTitle": "La Scuola in Tv - Sicurezza elettrica Pericolosità della corrente elettrica Pt 2 - YouTube and 2 more pages - Work - Microsoft​ Edge",
    "ProcessName": "msedge"
  }
},
{
  "FileName": "msedge_QaJrWPBGDY.png",
  "FilePath": "C:\\Users\\cikap\\Pictures\\Screenshot\\msedge_QaJrWPBGDY.png",
  "DateTime": "2022-03-22T22:01:07.1099745+01:00",
  "Type": "Image",
  "Host": "",
  "Tags": {
    "WindowTitle": "La Scuola in Tv - Sicurezza elettrica Pericolosità della corrente elettrica Pt 2 - YouTube and 2 more pages - Work - Microsoft​ Edge",
    "ProcessName": "msedge"
  }
},
{
  "FileName": "msedge_RQ3nKYNei5.png",
  "FilePath": "C:\\Users\\cikap\\Pictures\\Screenshot\\msedge_RQ3nKYNei5.png",
  "DateTime": "2022-03-22T22:01:37.4659062+01:00",
  "Type": "Image",
  "Host": "",
  "Tags": {
    "WindowTitle": "La Scuola in Tv - Sicurezza elettrica Pericolosità della corrente elettrica Pt 2 - YouTube and 2 more pages - Work - Microsoft​ Edge",
    "ProcessName": "msedge"
  }
},
{
  "FileName": "msedge_jlKeZraPsp.png",
  "FilePath": "C:\\Users\\cikap\\Pictures\\Screenshot\\msedge_jlKeZraPsp.png",
  "DateTime": "2022-03-22T22:07:01.7253991+01:00",
  "Type": "Image",
  "Host": "",
  "Tags": {
    "WindowTitle": "La Scuola in Tv - Sicurezza elettrica Pericolosità della corrente elettrica Pt 2 - YouTube and 2 more pages - Work - Microsoft​ Edge",
    "ProcessName": "msedge"
  }
},
{
  "FileName": "msedge_7ENodxKFw4.png",
  "FilePath": "C:\\Users\\cikap\\Pictures\\Screenshot\\msedge_7ENodxKFw4.png",
  "DateTime": "2022-03-22T22:10:07.0924015+01:00",
  "Type": "Image",
  "Host": "",
  "Tags": {
    "WindowTitle": "La Scuola in Tv - Sicurezza elettrica Pericolosità della corrente elettrica Pt 2 - YouTube and 2 more pages - Work - Microsoft​ Edge",
    "ProcessName": "msedge"
  }
},
{
  "FileName": "msedge_Mt0rCoSPlB.png",
  "FilePath": "C:\\Users\\cikap\\Pictures\\Screenshot\\msedge_Mt0rCoSPlB.png",
  "DateTime": "2022-03-22T22:13:10.2448758+01:00",
  "Type": "Image",
  "Host": "",
  "Tags": {
    "WindowTitle": "La Scuola in Tv - Sicurezza elettrica Pericolosità della corrente elettrica Pt 2 - YouTube and 2 more pages - Work - Microsoft​ Edge",
    "ProcessName": "msedge"
  }
},
{
  "FileName": "msedge_OfXfJOTfbp.png",
  "FilePath": "C:\\Users\\cikap\\Pictures\\Screenshot\\msedge_OfXfJOTfbp.png",
  "DateTime": "2022-03-22T22:13:42.1307864+01:00",
  "Type": "Image",
  "Host": "",
  "Tags": {
    "WindowTitle": "La Scuola in Tv - Sicurezza elettrica Pericolosità della corrente elettrica Pt 2 - YouTube and 2 more pages - Work - Microsoft​ Edge",
    "ProcessName": "msedge"
  }
},
{
  "FileName": "msedge_LXHnEefqh9.png",
  "FilePath": "C:\\Users\\cikap\\Pictures\\Screenshot\\msedge_LXHnEefqh9.png",
  "DateTime": "2022-03-22T22:17:10.8642331+01:00",
  "Type": "Image",
  "Host": "",
  "Tags": {
    "WindowTitle": "La Scuola in Tv - Sicurezza elettrica Pericolosità della corrente elettrica Pt 2 - YouTube and 2 more pages - Work - Microsoft​ Edge",
    "ProcessName": "msedge"
  }
},
{
  "FileName": "msedge_mT1CPcHAME.png",
  "FilePath": "C:\\Users\\cikap\\Pictures\\Screenshot\\msedge_mT1CPcHAME.png",
  "DateTime": "2022-03-22T22:17:59.8781758+01:00",
  "Type": "Image",
  "Host": "",
  "Tags": {
    "WindowTitle": "La Scuola in Tv - Sicurezza elettrica Pericolosità della corrente elettrica Pt 2 - YouTube and 2 more pages - Work - Microsoft​ Edge",
    "ProcessName": "msedge"
  }
},
{
  "FileName": "msedge_1UmKlb4JQN.png",
  "FilePath": "C:\\Users\\cikap\\Pictures\\Screenshot\\msedge_1UmKlb4JQN.png",
  "DateTime": "2022-03-22T22:19:41.3706017+01:00",
  "Type": "Image",
  "Host": "",
  "Tags": {
    "WindowTitle": "La Scuola in Tv - Sicurezza elettrica Pericolosità della corrente elettrica Pt 2 - YouTube and 2 more pages - Work - Microsoft​ Edge",
    "ProcessName": "msedge"
  }
},
{
  "FileName": "msedge_sayKpenzya.png",
  "FilePath": "C:\\Users\\cikap\\Pictures\\Screenshot\\msedge_sayKpenzya.png",
  "DateTime": "2022-03-22T22:21:16.9921283+01:00",
  "Type": "Image",
  "Host": "",
  "Tags": {
    "WindowTitle": "La Scuola in Tv - Sicurezza elettrica Pericolosità della corrente elettrica Pt 2 - YouTube and 2 more pages - Work - Microsoft​ Edge",
    "ProcessName": "msedge"
  }
},
{
  "FileName": "Code_plduElgzcX.png",
  "FilePath": "C:\\Users\\cikap\\Pictures\\Screenshot\\Code_plduElgzcX.png",
  "DateTime": "2022-03-23T16:35:58.3175813+01:00",
  "Type": "Image",
  "Host": "",
  "Tags": {
    "WindowTitle": "main.cpp - tastevin - Visual Studio Code",
    "ProcessName": "Code"
  }
},
{
  "FileName": "4kvideodownloader_C5ud0fQWDJ.png",
  "FilePath": "C:\\Users\\cikap\\Pictures\\Screenshot\\4kvideodownloader_C5ud0fQWDJ.png",
  "DateTime": "2022-03-24T18:14:08.5227416+01:00",
  "Type": "Image",
  "Host": "",
  "Tags": {
    "WindowTitle": "4K Video Downloader – Not Activated",
    "ProcessName": "4kvideodownloader"
  }
},
{
  "FileName": "Code_yzmynvnNWh.png",
  "FilePath": "C:\\Users\\cikap\\Pictures\\Screenshot\\Code_yzmynvnNWh.png",
  "DateTime": "2022-03-26T16:55:45.2710535+01:00",
  "Type": "Image",
  "Host": "",
  "Tags": {
    "WindowTitle": "server.py - VMwareRemote - Visual Studio Code",
    "ProcessName": "Code"
  }
},
{
  "FileName": "Code_HqiNoErKui.png",
  "FilePath": "C:\\Users\\cikap\\Pictures\\Screenshot\\Code_HqiNoErKui.png",
  "DateTime": "2022-03-27T20:46:04.2871437+02:00",
  "Type": "Image",
  "Host": "",
  "Tags": {
    "WindowTitle": "server.py - VMwareRemote - Visual Studio Code",
    "ProcessName": "Code"
  }
},
{
  "FileName": "firefox_DNzPjQx2x3.png",
  "FilePath": "C:\\Users\\cikap\\Pictures\\Screenshot\\firefox_DNzPjQx2x3.png",
  "DateTime": "2022-03-27T21:21:33.678699+02:00",
  "Type": "Image",
  "Host": "",
  "Tags": {
    "WindowTitle": "Document — Mozilla Firefox",
    "ProcessName": "firefox"
  }
},
{
  "FileName": "firefox_cQmtTDWEuA.png",
  "FilePath": "C:\\Users\\cikap\\Pictures\\Screenshot\\firefox_cQmtTDWEuA.png",
  "DateTime": "2022-03-31T19:46:23.264286+02:00",
  "Type": "Image",
  "Host": "",
  "Tags": {
    "WindowTitle": "Google Calendar - marzo 2022 — Mozilla Firefox",
    "ProcessName": "firefox"
  }
},
{
  "FileName": "vmware_ElKXyOA10B.png",
  "FilePath": "C:\\Users\\cikap\\Pictures\\Screenshot\\vmware_ElKXyOA10B.png",
  "DateTime": "2022-03-31T20:34:16.7612013+02:00",
  "Type": "Image",
  "Host": "",
  "Tags": {
    "WindowTitle": "Windows 11 x64 - VMware Workstation",
    "ProcessName": "vmware"
  }
},
{
  "FileName": "3Yzq9NFLVL.png",
  "FilePath": "C:\\Users\\cikap\\Pictures\\Screenshot\\3Yzq9NFLVL.png",
  "DateTime": "2022-03-31T20:34:26.6622091+02:00",
  "Type": "Image",
  "Host": "",
  "Tags": {
    "ProcessName": "explorer"
  }
},
{
  "FileName": "vlc_fGqJtrwubJ.png",
  "FilePath": "C:\\Users\\cikap\\Pictures\\Screenshot\\vlc_fGqJtrwubJ.png",
  "DateTime": "2022-04-01T12:07:27.8394822+02:00",
  "Type": "Image",
  "Host": "",
  "Tags": {
    "WindowTitle": "programmazionedinamica.mp4 - Lettore multimediale VLC",
    "ProcessName": "vlc"
  }
},
{
  "FileName": "vlc_oAJdik8UlL.png",
  "FilePath": "C:\\Users\\cikap\\Pictures\\Screenshot\\vlc_oAJdik8UlL.png",
  "DateTime": "2022-04-01T12:09:25.4664211+02:00",
  "Type": "Image",
  "Host": "",
  "Tags": {
    "WindowTitle": "programmazionedinamica.mp4 - Lettore multimediale VLC",
    "ProcessName": "vlc"
  }
},
{
  "FileName": "vlc_0oQQSdarA8.png",
  "FilePath": "C:\\Users\\cikap\\Pictures\\Screenshot\\vlc_0oQQSdarA8.png",
  "DateTime": "2022-04-01T12:21:15.4806731+02:00",
  "Type": "Image",
  "Host": "",
  "Tags": {
    "WindowTitle": "programmazionedinamica.mp4 - Lettore multimediale VLC",
    "ProcessName": "vlc"
  }
},
{
  "FileName": "vlc_ec6LXeCHu7.png",
  "FilePath": "C:\\Users\\cikap\\Pictures\\Screenshot\\vlc_ec6LXeCHu7.png",
  "DateTime": "2022-04-01T12:26:32.0601477+02:00",
  "Type": "Image",
  "Host": "",
  "Tags": {
    "WindowTitle": "programmazionedinamica.mp4 - Lettore multimediale VLC",
    "ProcessName": "vlc"
  }
},
{
  "FileName": "vlc_bF6ZADkl1e.png",
  "FilePath": "C:\\Users\\cikap\\Pictures\\Screenshot\\vlc_bF6ZADkl1e.png",
  "DateTime": "2022-04-01T12:26:54.2658296+02:00",
  "Type": "Image",
  "Host": "",
  "Tags": {
    "WindowTitle": "programmazionedinamica.mp4 - Lettore multimediale VLC",
    "ProcessName": "vlc"
  }
},
{
  "FileName": "vlc_xOvfdR8YeS.png",
  "FilePath": "C:\\Users\\cikap\\Pictures\\Screenshot\\vlc_xOvfdR8YeS.png",
  "DateTime": "2022-04-01T12:27:11.2835754+02:00",
  "Type": "Image",
  "Host": "",
  "Tags": {
    "WindowTitle": "programmazionedinamica.mp4 - Lettore multimediale VLC",
    "ProcessName": "vlc"
  }
},
{
  "FileName": "vlc_GqNZ49hf16.png",
  "FilePath": "C:\\Users\\cikap\\Pictures\\Screenshot\\vlc_GqNZ49hf16.png",
  "DateTime": "2022-04-01T12:33:06.4699584+02:00",
  "Type": "Image",
  "Host": "",
  "Tags": {
    "WindowTitle": "programmazionedinamica.mp4 - Lettore multimediale VLC",
    "ProcessName": "vlc"
  }
},
{
  "FileName": "vlc_ZDuG4Dwyl5.png",
  "FilePath": "C:\\Users\\cikap\\Pictures\\Screenshot\\vlc_ZDuG4Dwyl5.png",
  "DateTime": "2022-04-01T12:34:58.1741831+02:00",
  "Type": "Image",
  "Host": "",
  "Tags": {
    "WindowTitle": "programmazionedinamica.mp4 - Lettore multimediale VLC",
    "ProcessName": "vlc"
  }
},
{
  "FileName": "vlc_VJNn7UbH5z.png",
  "FilePath": "C:\\Users\\cikap\\Pictures\\Screenshot\\vlc_VJNn7UbH5z.png",
  "DateTime": "2022-04-01T12:35:33.6345797+02:00",
  "Type": "Image",
  "Host": "",
  "Tags": {
    "WindowTitle": "programmazionedinamica.mp4 - Lettore multimediale VLC",
    "ProcessName": "vlc"
  }
},
{
  "FileName": "vlc_ELxDg8QnQ1.png",
  "FilePath": "C:\\Users\\cikap\\Pictures\\Screenshot\\vlc_ELxDg8QnQ1.png",
  "DateTime": "2022-04-01T12:37:50.6514341+02:00",
  "Type": "Image",
  "Host": "",
  "Tags": {
    "WindowTitle": "programmazionedinamica.mp4 - Lettore multimediale VLC",
    "ProcessName": "vlc"
  }
},
{
  "FileName": "Teams_qNC756iccn.png",
  "FilePath": "C:\\Users\\cikap\\Pictures\\Screenshot\\Teams_qNC756iccn.png",
  "DateTime": "2022-04-01T15:14:04.901365+02:00",
  "Type": "Image",
  "Host": "",
  "Tags": {
    "WindowTitle": "Meeting now | Microsoft Teams",
    "ProcessName": "Teams"
  }
},
{
  "FileName": "Teams_yDwjFrWQCZ.png",
  "FilePath": "C:\\Users\\cikap\\Pictures\\Screenshot\\Teams_yDwjFrWQCZ.png",
  "DateTime": "2022-04-01T15:15:39.598532+02:00",
  "Type": "Image",
  "Host": "",
  "Tags": {
    "WindowTitle": "Meeting now | Microsoft Teams",
    "ProcessName": "Teams"
  }
},
{
  "FileName": "Adobe_Premiere_Pro_OPp6XgGuhl.png",
  "FilePath": "C:\\Users\\cikap\\Pictures\\Screenshot\\Adobe_Premiere_Pro_OPp6XgGuhl.png",
  "DateTime": "2022-04-02T07:31:19.9903523+02:00",
  "Type": "Image",
  "Host": "",
  "Tags": {
    "WindowTitle": "Adobe Premiere Pro 2022 - D:\\OneDrive\\YouTube\\Video_Sync\\antivirus_sync\\antivirusd.prproj",
    "ProcessName": "Adobe Premiere Pro"
  }
},
{
  "FileName": "ApplicationFrameHost_OOemORrDV8.png",
  "FilePath": "C:\\Users\\cikap\\Pictures\\Screenshot\\ApplicationFrameHost_OOemORrDV8.png",
  "DateTime": "2022-04-02T09:23:51.8367638+02:00",
  "Type": "Image",
  "Host": "",
  "Tags": {
    "WindowTitle": "Unigram",
    "ProcessName": "ApplicationFrameHost"
  }
},
{
  "FileName": "shssBDlBbz.jpg",
  "FilePath": "C:\\Users\\cikap\\Pictures\\Screenshot\\shssBDlBbz.jpg",
  "DateTime": "2022-04-02T09:50:36.4283394+02:00",
  "Type": "Image",
  "Host": "",
  "Tags": {
    "ProcessName": "explorer"
  }
},
{
  "FileName": "Adobe_Premiere_Pro_oXJyfPflT7.png",
  "FilePath": "C:\\Users\\cikap\\Pictures\\Screenshot\\Adobe_Premiere_Pro_oXJyfPflT7.png",
  "DateTime": "2022-04-02T10:06:17.2247977+02:00",
  "Type": "Image",
  "Host": "",
  "Tags": {
    "WindowTitle": "DroverLord - Overlay Window",
    "ProcessName": "Adobe Premiere Pro"
  }
},
{
  "FileName": "Adobe_Premiere_Pro_UCDfMqcQy4.png",
  "FilePath": "C:\\Users\\cikap\\Pictures\\Screenshot\\Adobe_Premiere_Pro_UCDfMqcQy4.png",
  "DateTime": "2022-04-02T10:16:23.8175446+02:00",
  "Type": "Image",
  "Host": "",
  "Tags": {
    "WindowTitle": "DroverLord - Overlay Window",
    "ProcessName": "Adobe Premiere Pro"
  }
},
{
  "FileName": "Adobe_Premiere_Pro_5kzGXlns4X.png",
  "FilePath": "C:\\Users\\cikap\\Pictures\\Screenshot\\Adobe_Premiere_Pro_5kzGXlns4X.png",
  "DateTime": "2022-04-03T13:03:31.2413319+02:00",
  "Type": "Image",
  "Host": "",
  "Tags": {
    "WindowTitle": "Adobe Premiere Pro 2022 - D:\\OneDrive\\YouTube\\Video_Sync\\antivirus_sync\\antivirusd.prproj",
    "ProcessName": "Adobe Premiere Pro"
  }
},
{
  "FileName": "firefox_56Ymy8I2dA.png",
  "FilePath": "C:\\Users\\cikap\\Pictures\\Screenshot\\firefox_56Ymy8I2dA.png",
  "DateTime": "2022-04-03T13:11:31.550947+02:00",
  "Type": "Image",
  "Host": "",
  "Tags": {
    "WindowTitle": "Library",
    "ProcessName": "firefox"
  }
},
{
  "FileName": "vmware_p8iw6xaQWX.png",
  "FilePath": "C:\\Users\\cikap\\Pictures\\Screenshot\\vmware_p8iw6xaQWX.png",
  "DateTime": "2022-04-03T13:15:49.5653711+02:00",
  "Type": "Image",
  "Host": "",
  "Tags": {
    "WindowTitle": "Pop!_OS_22.04 - VMware Workstation",
    "ProcessName": "vmware"
  }
},
{
  "FileName": "vmware_wNDpjJSqeT.png",
  "FilePath": "C:\\Users\\cikap\\Pictures\\Screenshot\\vmware_wNDpjJSqeT.png",
  "DateTime": "2022-04-03T13:21:08.6832443+02:00",
  "Type": "Image",
  "Host": "",
  "Tags": {
    "WindowTitle": "Pop!_OS_22.04 - VMware Workstation",
    "ProcessName": "vmware"
  }
},
{
  "FileName": "vmware_dNIzCfR97l.png",
  "FilePath": "C:\\Users\\cikap\\Pictures\\Screenshot\\vmware_dNIzCfR97l.png",
  "DateTime": "2022-04-03T16:43:24.6905304+02:00",
  "Type": "Image",
  "Host": "",
  "Tags": {
    "WindowTitle": "PopOS - VMware Workstation",
    "ProcessName": "vmware"
  }
},
{
  "FileName": "explorer_MXycyxS7wn.png",
  "FilePath": "C:\\Users\\cikap\\Pictures\\Screenshot\\explorer_MXycyxS7wn.png",
  "DateTime": "2022-04-03T21:09:02.7067032+02:00",
  "Type": "Image",
  "Host": "",
  "Tags": {
    "WindowTitle": "Program Manager",
    "ProcessName": "explorer"
  }
},
{
  "FileName": "msedge_djaPVkKX8z.png",
  "FilePath": "C:\\Users\\cikap\\Pictures\\Screenshot\\msedge_djaPVkKX8z.png",
  "DateTime": "2022-04-03T22:15:02.3802747+02:00",
  "Type": "Image",
  "Host": "",
  "Tags": {
    "WindowTitle": "Coding Contest - Work - Microsoft​ Edge",
    "ProcessName": "msedge"
  }
},
{
  "FileName": "msedge_QRbuhRt0wO.png",
  "FilePath": "C:\\Users\\cikap\\Pictures\\Screenshot\\msedge_QRbuhRt0wO.png",
  "DateTime": "2022-04-04T18:20:58.554476+02:00",
  "Type": "Image",
  "Host": "",
  "Tags": {
    "WindowTitle": "Coding Contest and 1 more page - Work - Microsoft​ Edge",
    "ProcessName": "msedge"
  }
},
{
  "FileName": "firefox_7wcnNdqjDN.png",
  "FilePath": "C:\\Users\\cikap\\Pictures\\Screenshot\\firefox_7wcnNdqjDN.png",
  "DateTime": "2022-04-04T18:23:46.6044696+02:00",
  "Type": "Image",
  "Host": "",
  "Tags": {
    "WindowTitle": "Manjaro - Downloads — Mozilla Firefox",
    "ProcessName": "firefox"
  }
},
{
  "FileName": "photoshop_AirDKh3jcl.png",
  "FilePath": "C:\\Users\\cikap\\Pictures\\Screenshot\\photoshop_AirDKh3jcl.png",
  "DateTime": "2022-04-05T18:56:07.4087972+02:00",
  "Type": "Image",
  "Host": "",
  "Tags": {
    "WindowTitle": "primaeutlima2-2.psd @ 50,1% (Layer 1, RGB/8) *",
    "ProcessName": "photoshop"
  }
},
{
  "FileName": "WINWORD_tpoleaiRQP.png",
  "FilePath": "C:\\Users\\cikap\\Pictures\\Screenshot\\WINWORD_tpoleaiRQP.png",
  "DateTime": "2022-04-07T20:32:51.1606928+02:00",
  "Type": "Image",
  "Host": "",
  "Tags": {
    "WindowTitle": "Document1 - Word",
    "ProcessName": "WINWORD"
  }
},
{
  "FileName": "msedge_nE6EjHecpA.png",
  "FilePath": "C:\\Users\\cikap\\Pictures\\Screenshot\\msedge_nE6EjHecpA.png",
  "DateTime": "2022-04-07T20:39:54.4364129+02:00",
  "Type": "Image",
  "Host": "",
  "Tags": {
    "WindowTitle": "Coding Contest - Work - Microsoft​ Edge",
    "ProcessName": "msedge"
  }
},
{
  "FileName": "Code_3q0dWR4QuO.png",
  "FilePath": "C:\\Users\\cikap\\Pictures\\Screenshot\\Code_3q0dWR4QuO.png",
  "DateTime": "2022-04-07T20:54:27.4420861+02:00",
  "Type": "Image",
  "Host": "",
  "Tags": {
    "WindowTitle": "main.cpp - ereditarieta - Visual Studio Code",
    "ProcessName": "Code"
  }
},
{
  "FileName": "Code_ng4rhMJ6J4.png",
  "FilePath": "C:\\Users\\cikap\\Pictures\\Screenshot\\Code_ng4rhMJ6J4.png",
  "DateTime": "2022-04-07T20:59:50.291115+02:00",
  "Type": "Image",
  "Host": "",
  "Tags": {
    "WindowTitle": "main.cpp - ereditarieta - Visual Studio Code",
    "ProcessName": "Code"
  }
},
{
  "FileName": "Code_pobfHwBoP5.png",
  "FilePath": "C:\\Users\\cikap\\Pictures\\Screenshot\\Code_pobfHwBoP5.png",
  "DateTime": "2022-04-07T21:01:29.8961848+02:00",
  "Type": "Image",
  "Host": "",
  "Tags": {
    "WindowTitle": "● main.cpp - ereditarieta - Visual Studio Code",
    "ProcessName": "Code"
  }
},
{
  "FileName": "WindowsTerminal_bhCo7iLk2h.png",
  "FilePath": "C:\\Users\\cikap\\Pictures\\Screenshot\\WindowsTerminal_bhCo7iLk2h.png",
  "DateTime": "2022-04-07T21:03:34.5235549+02:00",
  "Type": "Image",
  "Host": "",
  "Tags": {
    "WindowTitle": "PowerShell",
    "ProcessName": "WindowsTerminal"
  }
},
{
  "FileName": "Code_whjNLSBXBZ.png",
  "FilePath": "C:\\Users\\cikap\\Pictures\\Screenshot\\Code_whjNLSBXBZ.png",
  "DateTime": "2022-04-07T21:06:49.3009819+02:00",
  "Type": "Image",
  "Host": "",
  "Tags": {
    "WindowTitle": "main.cpp - ereditarieta - Visual Studio Code",
    "ProcessName": "Code"
  }
},
{
  "FileName": "WindowsTerminal_dvpbhxKH4h.png",
  "FilePath": "C:\\Users\\cikap\\Pictures\\Screenshot\\WindowsTerminal_dvpbhxKH4h.png",
  "DateTime": "2022-04-10T12:15:22.5743163+02:00",
  "Type": "Image",
  "Host": "",
  "Tags": {
    "WindowTitle": "PowerShell",
    "ProcessName": "WindowsTerminal"
  }
},
{
  "FileName": "Code_A0070aseja.png",
  "FilePath": "C:\\Users\\cikap\\Pictures\\Screenshot\\Code_A0070aseja.png",
  "DateTime": "2022-04-10T12:39:26.1801427+02:00",
  "Type": "Image",
  "Host": "",
  "Tags": {
    "WindowTitle": "server.py - VMwareRemote - Visual Studio Code",
    "ProcessName": "Code"
  }
},
{
  "FileName": "WindowsTerminal_EjkQWZKoVz.png",
  "FilePath": "C:\\Users\\cikap\\Pictures\\Screenshot\\WindowsTerminal_EjkQWZKoVz.png",
  "DateTime": "2022-04-10T12:46:54.0478301+02:00",
  "Type": "Image",
  "Host": "",
  "Tags": {
    "WindowTitle": "PowerShell",
    "ProcessName": "WindowsTerminal"
  }
},
{
  "FileName": "CodeSetup-stable-dfd34e8260c270da74b5c2d86d61aee4b6d56977.tmp_EVfLpS7Tv5.png",
  "FilePath": "C:\\Users\\cikap\\Pictures\\Screenshot\\CodeSetup-stable-dfd34e8260c270da74b5c2d86d61aee4b6d56977.tmp_EVfLpS7Tv5.png",
  "DateTime": "2022-04-13T22:16:19.8174505+02:00",
  "Type": "Image",
  "Host": "",
  "Tags": {
    "WindowTitle": "Error",
    "ProcessName": "CodeSetup-stable-dfd34e8260c270da74b5c2d86d61aee4b6d56977.tmp"
  }
},
{
  "FileName": "firefox_vWPdPwT6xB.png",
  "FilePath": "C:\\Users\\cikap\\Pictures\\Screenshot\\firefox_vWPdPwT6xB.png",
  "DateTime": "2022-04-14T09:48:16.4737252+02:00",
  "Type": "Image",
  "Host": "",
  "Tags": {
    "WindowTitle": "Mozilla Firefox",
    "ProcessName": "firefox"
  }
},
{
  "FileName": "vmware_eCwq8BCXL1.png",
  "FilePath": "C:\\Users\\cikap\\Pictures\\Screenshot\\vmware_eCwq8BCXL1.png",
  "DateTime": "2022-04-14T09:51:56.6868237+02:00",
  "Type": "Image",
  "Host": "",
  "Tags": {
    "WindowTitle": "Arch Linux - VMware Workstation",
    "ProcessName": "vmware"
  }
},
{
  "FileName": "msedge_0YJ4czewNN.png",
  "FilePath": "C:\\Users\\cikap\\Pictures\\Screenshot\\msedge_0YJ4czewNN.png",
  "DateTime": "2022-04-14T14:40:16.6297306+02:00",
  "Type": "Image",
  "Host": "",
  "Tags": {
    "WindowTitle": "apple studio display windows - YouTube - Personal - Microsoft​ Edge",
    "ProcessName": "msedge"
  }
},
{
  "FileName": "firefox_gMmCBPlB6s.png",
  "FilePath": "C:\\Users\\cikap\\Pictures\\Screenshot\\firefox_gMmCBPlB6s.png",
  "DateTime": "2022-04-14T21:11:17.6235726+02:00",
  "Type": "Image",
  "Host": "",
  "Tags": {
    "WindowTitle": "[GNOME] just discovered gnome blur : unixporn — Mozilla Firefox",
    "ProcessName": "firefox"
  }
},
{
  "FileName": "photoshop_naVXXUimIu.png",
  "FilePath": "C:\\Users\\cikap\\Pictures\\Screenshot\\photoshop_naVXXUimIu.png",
  "DateTime": "2022-04-14T21:34:48.3077676+02:00",
  "Type": "Image",
  "Host": "",
  "Tags": {
    "WindowTitle": "Adobe Photoshop 2022",
    "ProcessName": "photoshop"
  }
},
{
  "FileName": "explorer_GdGMY7ljPb.png",
  "FilePath": "C:\\Users\\cikap\\Pictures\\Screenshot\\explorer_GdGMY7ljPb.png",
  "DateTime": "2022-04-15T18:01:33.4951382+02:00",
  "Type": "Image",
  "Host": "",
  "Tags": {
    "WindowTitle": "4% complete",
    "ProcessName": "explorer"
  }
},
{
  "FileName": "R9qq0q60kj.png",
  "FilePath": "C:\\Users\\cikap\\Pictures\\Screenshot\\R9qq0q60kj.png",
  "DateTime": "2022-04-15T20:43:24.2920699+02:00",
  "Type": "Image",
  "Host": "",
  "Tags": {
    "ProcessName": "explorer"
  }
},
{
  "FileName": "Adobe_Premiere_Pro_Bv3wDtsjjO.png",
  "FilePath": "C:\\Users\\cikap\\Pictures\\Screenshot\\Adobe_Premiere_Pro_Bv3wDtsjjO.png",
  "DateTime": "2022-04-15T20:58:52.0185039+02:00",
  "Type": "Image",
  "Host": "",
  "Tags": {
    "WindowTitle": "Adobe Premiere Pro 2022 - D:\\OneDrive\\YouTube\\Video_Sync\\linux_gabriele_ep_4_sync\\linuxgabrielefinale.prproj *",
    "ProcessName": "Adobe Premiere Pro"
  }
},
{
  "FileName": "firefox_WLiEZRNiDK.png",
  "FilePath": "C:\\Users\\cikap\\Pictures\\Screenshot\\firefox_WLiEZRNiDK.png",
  "DateTime": "2022-04-15T21:04:46.3096053+02:00",
  "Type": "Image",
  "Host": "",
  "Tags": {
    "WindowTitle": "(18) how i type 160wpm - YouTube — Mozilla Firefox",
    "ProcessName": "firefox"
  }
},
{
  "FileName": "firefox_WzXEFI9RWm.png",
  "FilePath": "C:\\Users\\cikap\\Pictures\\Screenshot\\firefox_WzXEFI9RWm.png",
  "DateTime": "2022-04-15T21:07:38.463085+02:00",
  "Type": "Image",
  "Host": "",
  "Tags": {
    "WindowTitle": "fedora - Cerca con Google — Mozilla Firefox",
    "ProcessName": "firefox"
  }
},
{
  "FileName": "AfterFX_q0hmDJTssw.png",
  "FilePath": "C:\\Users\\cikap\\Pictures\\Screenshot\\AfterFX_q0hmDJTssw.png",
  "DateTime": "2022-04-15T21:19:22.5169784+02:00",
  "Type": "Image",
  "Host": "",
  "Tags": {
    "WindowTitle": "After Effects",
    "ProcessName": "AfterFX"
  }
},
{
  "FileName": "firefox_f3m2jsYkqE.png",
  "FilePath": "C:\\Users\\cikap\\Pictures\\Screenshot\\firefox_f3m2jsYkqE.png",
  "DateTime": "2022-04-15T21:28:19.6736937+02:00",
  "Type": "Image",
  "Host": "",
  "Tags": {
    "WindowTitle": "Accedi - Account Google — Mozilla Firefox (Private Browsing)",
    "ProcessName": "firefox"
  }
},
{
  "FileName": "Adobe_Premiere_Pro_1WRMasALnl.png",
  "FilePath": "C:\\Users\\cikap\\Pictures\\Screenshot\\Adobe_Premiere_Pro_1WRMasALnl.png",
  "DateTime": "2022-04-15T21:30:38.6645519+02:00",
  "Type": "Image",
  "Host": "",
  "Tags": {
    "WindowTitle": "Adobe Premiere Pro 2022 - D:\\OneDrive\\YouTube\\Video_Sync\\linux_gabriele_ep_4_sync\\linuxgabrielefinale.prproj",
    "ProcessName": "Adobe Premiere Pro"
  }
},
{
  "FileName": "firefox_cdvN8qlFaO.png",
  "FilePath": "C:\\Users\\cikap\\Pictures\\Screenshot\\firefox_cdvN8qlFaO.png",
  "DateTime": "2022-04-16T17:03:12.9435676+02:00",
  "Type": "Image",
  "Host": "",
  "Tags": {
    "WindowTitle": "backbox - Cerca con Google — Mozilla Firefox",
    "ProcessName": "firefox"
  }
},
{
  "FileName": "Adobe_Premiere_Pro_4IuJ5utkGr.png",
  "FilePath": "C:\\Users\\cikap\\Pictures\\Screenshot\\Adobe_Premiere_Pro_4IuJ5utkGr.png",
  "DateTime": "2022-04-16T17:22:23.2351973+02:00",
  "Type": "Image",
  "Host": "",
  "Tags": {
    "WindowTitle": "Adobe Premiere Pro 2022 - D:\\OneDrive\\YouTube\\Video_Sync\\linux_gabriele_ep_4_sync\\linuxgabrielefinale.prproj *",
    "ProcessName": "Adobe Premiere Pro"
  }
},
{
  "FileName": "Adobe_Premiere_Pro_Qx9vMenYAF.png",
  "FilePath": "C:\\Users\\cikap\\Pictures\\Screenshot\\Adobe_Premiere_Pro_Qx9vMenYAF.png",
  "DateTime": "2022-04-16T17:30:01.9817606+02:00",
  "Type": "Image",
  "Host": "",
  "Tags": {
    "WindowTitle": "Adobe Premiere Pro 2022 - D:\\OneDrive\\YouTube\\Video_Sync\\linux_gabriele_ep_4_sync\\linuxgabrielefinale.prproj *",
    "ProcessName": "Adobe Premiere Pro"
  }
},
{
  "FileName": "Adobe_Premiere_Pro_wk7o10bKAe.png",
  "FilePath": "C:\\Users\\cikap\\Pictures\\Screenshot\\Adobe_Premiere_Pro_wk7o10bKAe.png",
  "DateTime": "2022-04-16T17:37:29.4938201+02:00",
  "Type": "Image",
  "Host": "",
  "Tags": {
    "WindowTitle": "Adobe Premiere Pro 2022 - D:\\OneDrive\\YouTube\\Video_Sync\\linux_gabriele_ep_4_sync\\linuxgabrielefinale.prproj",
    "ProcessName": "Adobe Premiere Pro"
  }
},
{
  "FileName": "explorer_NBDpFqiKg4.png",
  "FilePath": "C:\\Users\\cikap\\Pictures\\Screenshot\\explorer_NBDpFqiKg4.png",
  "DateTime": "2022-04-16T18:00:57.8103356+02:00",
  "Type": "Image",
  "Host": "",
  "Tags": {
    "WindowTitle": "discord",
    "ProcessName": "explorer"
  }
},
{
  "FileName": "firefox_DP71gQywYJ.png",
  "FilePath": "C:\\Users\\cikap\\Pictures\\Screenshot\\firefox_DP71gQywYJ.png",
  "DateTime": "2022-04-16T19:49:06.5585853+02:00",
  "Type": "Image",
  "Host": "",
  "Tags": {
    "WindowTitle": "Home / Twitter — Mozilla Firefox",
    "ProcessName": "firefox"
  }
},
{
  "FileName": "firefox_WGpkopRZdd.png",
  "FilePath": "C:\\Users\\cikap\\Pictures\\Screenshot\\firefox_WGpkopRZdd.png",
  "DateTime": "2022-04-17T09:11:01.9387742+02:00",
  "Type": "Image",
  "Host": "",
  "Tags": {
    "WindowTitle": "(2) Installing Windows 11 inside of Windows XP - YouTube — Mozilla Firefox",
    "ProcessName": "firefox"
  }
},
{
  "FileName": "Code_5IPJt5Qk9G.png",
  "FilePath": "C:\\Users\\cikap\\Pictures\\Screenshot\\Code_5IPJt5Qk9G.png",
  "DateTime": "2022-04-17T20:25:13.3261607+02:00",
  "Type": "Image",
  "Host": "",
  "Tags": {
    "WindowTitle": "● server.py - VMwareRemote - Visual Studio Code",
    "ProcessName": "Code"
  }
},
{
  "FileName": "photoshop_8HHZ4HpdQF.png",
  "FilePath": "C:\\Users\\cikap\\Pictures\\Screenshot\\photoshop_8HHZ4HpdQF.png",
  "DateTime": "2022-04-18T11:30:31.6592118+02:00",
  "Type": "Image",
  "Host": "",
  "Tags": {
    "WindowTitle": "Error Report for “Adobe Photoshop”",
    "ProcessName": "photoshop"
  }
}