{
  "FileName": "x7n65HjFh9.png",
  "FilePath": "C:\\Users\\cikap\\Pictures\\Screenshot\\x7n65HjFh9.png",
  "DateTime": "2022-03-13T11:06:28.3961151+01:00",
  "Type": "Image",
  "Host": "",
  "Tags": {
    "ProcessName": "explorer"
  }
},
{
  "FileName": "ApplicationFrameHost_p4IRNP7F3y.png",
  "FilePath": "C:\\Users\\cikap\\Pictures\\Screenshot\\ApplicationFrameHost_p4IRNP7F3y.png",
  "DateTime": "2022-03-13T17:06:05.8064123+01:00",
  "Type": "Image",
  "Host": "",
  "Tags": {
    "WindowTitle": "Realtek Audio Console",
    "ProcessName": "ApplicationFrameHost"
  }
},
{
  "FileName": "ApplicationFrameHost_Gb5MJQbHPr.png",
  "FilePath": "C:\\Users\\cikap\\Pictures\\Screenshot\\ApplicationFrameHost_Gb5MJQbHPr.png",
  "DateTime": "2022-03-13T17:06:07.6859965+01:00",
  "Type": "Image",
  "Host": "",
  "Tags": {
    "WindowTitle": "Realtek Audio Console",
    "ProcessName": "ApplicationFrameHost"
  }
},
{
  "FileName": "x9YCXRdCfT.png",
  "FilePath": "C:\\Users\\cikap\\Pictures\\Screenshot\\x9YCXRdCfT.png",
  "DateTime": "2022-03-15T17:19:29.285282+01:00",
  "Type": "Image",
  "Host": "",
  "Tags": {
    "ProcessName": "explorer"
  }
},
{
  "FileName": "firefox_nTiErKUUxQ.png",
  "FilePath": "C:\\Users\\cikap\\Pictures\\Screenshot\\firefox_nTiErKUUxQ.png",
  "DateTime": "2022-03-15T17:23:02.1791935+01:00",
  "Type": "Image",
  "Host": "",
  "Tags": {
    "WindowTitle": "BBSpazio - Google Drive — Mozilla Firefox",
    "ProcessName": "firefox"
  }
},
{
  "FileName": "firefox_cI7UVxLoCX.png",
  "FilePath": "C:\\Users\\cikap\\Pictures\\Screenshot\\firefox_cI7UVxLoCX.png",
  "DateTime": "2022-03-15T17:27:57.8175468+01:00",
  "Type": "Image",
  "Host": "",
  "Tags": {
    "WindowTitle": "Outro - Google Drive — Mozilla Firefox",
    "ProcessName": "firefox"
  }
},
{
  "FileName": "W5L1PBy6vY.png",
  "FilePath": "C:\\Users\\cikap\\Pictures\\Screenshot\\W5L1PBy6vY.png",
  "DateTime": "2022-03-17T20:39:55.4964209+01:00",
  "Type": "Image",
  "Host": "",
  "Tags": {
    "ProcessName": "explorer"
  }
},
{
  "FileName": "explorer_jIyUKtLlsk.png",
  "FilePath": "C:\\Users\\cikap\\Pictures\\Screenshot\\explorer_jIyUKtLlsk.png",
  "DateTime": "2022-03-17T20:43:33.1353908+01:00",
  "Type": "Image",
  "Host": "",
  "Tags": {
    "WindowTitle": "Destination Folder Access Denied",
    "ProcessName": "explorer"
  }
},
{
  "FileName": "eiLtwaRThT.png",
  "FilePath": "C:\\Users\\cikap\\Pictures\\Screenshot\\eiLtwaRThT.png",
  "DateTime": "2022-03-17T20:44:39.0817717+01:00",
  "Type": "Image",
  "Host": "",
  "Tags": {
    "ProcessName": "explorer"
  }
},
{
  "FileName": "Code_BfKpQohheJ.png",
  "FilePath": "C:\\Users\\cikap\\Pictures\\Screenshot\\Code_BfKpQohheJ.png",
  "DateTime": "2022-03-17T20:50:30.9165743+01:00",
  "Type": "Image",
  "Host": "",
  "Tags": {
    "WindowTitle": "● Untitled-1 - Visual Studio Code",
    "ProcessName": "Code"
  }
},
{
  "FileName": "ApplicationFrameHost_t8muKHdCzi.png",
  "FilePath": "C:\\Users\\cikap\\Pictures\\Screenshot\\ApplicationFrameHost_t8muKHdCzi.png",
  "DateTime": "2022-03-17T20:54:55.9558285+01:00",
  "Type": "Image",
  "Host": "",
  "Tags": {
    "WindowTitle": "Settings",
    "ProcessName": "ApplicationFrameHost"
  }
},
{
  "FileName": "NanaZip_FTDRUdOI05.png",
  "FilePath": "C:\\Users\\cikap\\Pictures\\Screenshot\\NanaZip_FTDRUdOI05.png",
  "DateTime": "2022-03-17T20:55:31.1447542+01:00",
  "Type": "Image",
  "Host": "",
  "Tags": {
    "WindowTitle": "D:\\Download\\mfe-v0.0.4.1-x64.zip\\",
    "ProcessName": "NanaZip"
  }
},
{
  "FileName": "Taskmgr_AsrXJHLbu4.png",
  "FilePath": "C:\\Users\\cikap\\Pictures\\Screenshot\\Taskmgr_AsrXJHLbu4.png",
  "DateTime": "2022-03-17T20:58:33.695007+01:00",
  "Type": "Image",
  "Host": "",
  "Tags": {
    "WindowTitle": "Task Manager",
    "ProcessName": "Taskmgr"
  }
},
{
  "FileName": "firefox_yLfB5wzfxC.png",
  "FilePath": "C:\\Users\\cikap\\Pictures\\Screenshot\\firefox_yLfB5wzfxC.png",
  "DateTime": "2022-03-17T21:00:16.1343582+01:00",
  "Type": "Image",
  "Host": "",
  "Tags": {
    "WindowTitle": "GitHub - minusium/MicaForEveryone at v0.0.4.1 — Mozilla Firefox",
    "ProcessName": "firefox"
  }
},
{
  "FileName": "firefox_E0zUzffHTO.png",
  "FilePath": "C:\\Users\\cikap\\Pictures\\Screenshot\\firefox_E0zUzffHTO.png",
  "DateTime": "2022-03-18T21:12:40.9702343+01:00",
  "Type": "Image",
  "Host": "",
  "Tags": {
    "WindowTitle": "windows presentation foundation - Cerca con Google — Mozilla Firefox",
    "ProcessName": "firefox"
  }
},
{
  "FileName": "gBVZKXNNNA.png",
  "FilePath": "C:\\Users\\cikap\\Pictures\\Screenshot\\gBVZKXNNNA.png",
  "DateTime": "2022-03-18T21:47:17.5003768+01:00",
  "Type": "Image",
  "Host": "",
  "Tags": {
    "ProcessName": "explorer"
  }
},
{
  "FileName": "Resolve_oL9Yf7I1r5.png",
  "FilePath": "C:\\Users\\cikap\\Pictures\\Screenshot\\Resolve_oL9Yf7I1r5.png",
  "DateTime": "2022-03-18T21:54:26.4322982+01:00",
  "Type": "Image",
  "Host": "",
  "Tags": {
    "WindowTitle": "DaVinci Resolve - versione_di_windows_ep6",
    "ProcessName": "Resolve"
  }
},
{
  "FileName": "mmc_o0YetCqZI6.png",
  "FilePath": "C:\\Users\\cikap\\Pictures\\Screenshot\\mmc_o0YetCqZI6.png",
  "DateTime": "2022-03-19T10:56:01.8810087+01:00",
  "Type": "Image",
  "Host": "",
  "Tags": {
    "WindowTitle": "Device Manager",
    "ProcessName": "mmc"
  }
},
{
  "FileName": "mmc_rFQMylW8v8.png",
  "FilePath": "C:\\Users\\cikap\\Pictures\\Screenshot\\mmc_rFQMylW8v8.png",
  "DateTime": "2022-03-19T10:56:03.0593253+01:00",
  "Type": "Image",
  "Host": "",
  "Tags": {
    "WindowTitle": "Device Manager",
    "ProcessName": "mmc"
  }
},
{
  "FileName": "firefox_2uIQRCeahZ.png",
  "FilePath": "C:\\Users\\cikap\\Pictures\\Screenshot\\firefox_2uIQRCeahZ.png",
  "DateTime": "2022-03-19T11:03:11.7103369+01:00",
  "Type": "Image",
  "Host": "",
  "Tags": {
    "WindowTitle": "Library",
    "ProcessName": "firefox"
  }
},
{
  "FileName": "firefox_Q105BW9n8w.png",
  "FilePath": "C:\\Users\\cikap\\Pictures\\Screenshot\\firefox_Q105BW9n8w.png",
  "DateTime": "2022-03-19T12:44:25.1675612+01:00",
  "Type": "Image",
  "Host": "",
  "Tags": {
    "WindowTitle": "(7) windows vista - YouTube — Mozilla Firefox",
    "ProcessName": "firefox"
  }
},
{
  "FileName": "firefox_YfPiTILwVR.png",
  "FilePath": "C:\\Users\\cikap\\Pictures\\Screenshot\\firefox_YfPiTILwVR.png",
  "DateTime": "2022-03-19T12:44:45.3292041+01:00",
  "Type": "Image",
  "Host": "",
  "Tags": {
    "WindowTitle": "(7) windows vista - YouTube — Mozilla Firefox",
    "ProcessName": "firefox"
  }
},
{
  "FileName": "firefox_yp34LzxhPb.png",
  "FilePath": "C:\\Users\\cikap\\Pictures\\Screenshot\\firefox_yp34LzxhPb.png",
  "DateTime": "2022-03-19T12:44:52.2723268+01:00",
  "Type": "Image",
  "Host": "",
  "Tags": {
    "WindowTitle": "(7) windows vista - YouTube — Mozilla Firefox",
    "ProcessName": "firefox"
  }
},
{
  "FileName": "firefox_91zi38fFjA.png",
  "FilePath": "C:\\Users\\cikap\\Pictures\\Screenshot\\firefox_91zi38fFjA.png",
  "DateTime": "2022-03-19T13:07:35.4994498+01:00",
  "Type": "Image",
  "Host": "",
  "Tags": {
    "WindowTitle": "feature creep - Cerca con Google — Mozilla Firefox",
    "ProcessName": "firefox"
  }
},
{
  "FileName": "Gr38ql6Isl.png",
  "FilePath": "C:\\Users\\cikap\\Pictures\\Screenshot\\Gr38ql6Isl.png",
  "DateTime": "2022-03-20T10:26:47.439873+01:00",
  "Type": "Image",
  "Host": "",
  "Tags": {
    "ProcessName": "explorer"
  }
},
{
  "FileName": "notepad++_ya6OH2wHmj.png",
  "FilePath": "C:\\Users\\cikap\\Pictures\\Screenshot\\notepad++_ya6OH2wHmj.png",
  "DateTime": "2022-03-20T16:45:23.3856047+01:00",
  "Type": "Image",
  "Host": "",
  "Tags": {
    "WindowTitle": "D:\\OneDrive\\Sincronizzata\\AHK\\resolve shortcut.ahk - Notepad++",
    "ProcessName": "notepad++"
  }
},
{
  "FileName": "Taskmgr_wGQchBQbXb.png",
  "FilePath": "C:\\Users\\cikap\\Pictures\\Screenshot\\Taskmgr_wGQchBQbXb.png",
  "DateTime": "2022-03-20T16:50:36.8079892+01:00",
  "Type": "Image",
  "Host": "",
  "Tags": {
    "WindowTitle": "Task Manager",
    "ProcessName": "Taskmgr"
  }
},
{
  "FileName": "Taskmgr_1OBl9TI2MA.png",
  "FilePath": "C:\\Users\\cikap\\Pictures\\Screenshot\\Taskmgr_1OBl9TI2MA.png",
  "DateTime": "2022-03-20T17:11:36.6393177+01:00",
  "Type": "Image",
  "Host": "",
  "Tags": {
    "WindowTitle": "Task Manager",
    "ProcessName": "Taskmgr"
  }
},
{
  "FileName": "Resolve_dQtpDWuIYy.png",
  "FilePath": "C:\\Users\\cikap\\Pictures\\Screenshot\\Resolve_dQtpDWuIYy.png",
  "DateTime": "2022-03-20T21:44:37.785352+01:00",
  "Type": "Image",
  "Host": "",
  "Tags": {
    "WindowTitle": "Problem Report for DaVinci Resolve",
    "ProcessName": "Resolve"
  }
},
{
  "FileName": "firefox_Advh5Bi7N6.png",
  "FilePath": "C:\\Users\\cikap\\Pictures\\Screenshot\\firefox_Advh5Bi7N6.png",
  "DateTime": "2022-03-20T21:46:01.1824948+01:00",
  "Type": "Image",
  "Host": "",
  "Tags": {
    "WindowTitle": "VendorCo ProductCode USB Device Error - YouTube — Mozilla Firefox",
    "ProcessName": "firefox"
  }
},
{
  "FileName": "ApplicationFrameHost_NqZZaUaqQQ.png",
  "FilePath": "C:\\Users\\cikap\\Pictures\\Screenshot\\ApplicationFrameHost_NqZZaUaqQQ.png",
  "DateTime": "2022-03-20T21:46:25.0823892+01:00",
  "Type": "Image",
  "Host": "",
  "Tags": {
    "WindowTitle": "Unigram",
    "ProcessName": "ApplicationFrameHost"
  }
},
{
  "FileName": "ApplicationFrameHost_BzgUk1xqja.png",
  "FilePath": "C:\\Users\\cikap\\Pictures\\Screenshot\\ApplicationFrameHost_BzgUk1xqja.png",
  "DateTime": "2022-03-22T21:26:38.1904171+01:00",
  "Type": "Image",
  "Host": "",
  "Tags": {
    "WindowTitle": "WhatsApp Beta",
    "ProcessName": "ApplicationFrameHost"
  }
}