{
  "Hotkeys": [
    {
      "HotkeyInfo": {
        "Hotkey": "S, Shift",
        "Win": true
      },
      "TaskSettings": {
        "Description": "",
        "Job": "RectangleRegion",
        "UseDefaultAfterCaptureJob": true,
        "AfterCaptureJob": "CopyImageToClipboard, SaveImageToFile, UploadImageToHost",
        "UseDefaultAfterUploadJob": true,
        "AfterUploadJob": "CopyURLToClipboard",
        "UseDefaultDestinations": true,
        "ImageDestination": "Imgur",
        "ImageFileDestination": "Dropbox",
        "TextDestination": "Pastebin",
        "TextFileDestination": "Dropbox",
        "FileDestination": "Dropbox",
        "URLShortenerDestination": "BITLY",
        "URLSharingServiceDestination": "Twitter",
        "OverrideFTP": false,
        "FTPIndex": 0,
        "OverrideCustomUploader": false,
        "CustomUploaderIndex": 0,
        "OverrideScreenshotsFolder": false,
        "ScreenshotsFolder": "",
        "UseDefaultGeneralSettings": true,
        "GeneralSettings": {
          "PlaySoundAfterCapture": true,
          "PlaySoundAfterUpload": true,
          "ShowToastNotificationAfterTaskCompleted": true,
          "ToastWindowDuration": 3.0,
          "ToastWindowFadeDuration": 1.0,
          "ToastWindowPlacement": "BottomRight",
          "ToastWindowSize": "400, 300",
          "ToastWindowLeftClickAction": "OpenUrl",
          "ToastWindowRightClickAction": "CloseNotification",
          "ToastWindowMiddleClickAction": "AnnotateImage",
          "ToastWindowAutoHide": true,
          "UseCustomCaptureSound": false,
          "CustomCaptureSoundPath": "",
          "UseCustomTaskCompletedSound": false,
          "CustomTaskCompletedSoundPath": "",
          "UseCustomErrorSound": false,
          "CustomErrorSoundPath": "",
          "DisableNotifications": false,
          "DisableNotificationsOnFullscreen": false,
          "PopUpNotification": "ToastNotification"
        },
        "UseDefaultImageSettings": true,
        "ImageSettings": {
          "ImageFormat": "PNG",
          "ImagePNGBitDepth": "Default",
          "ImageJPEGQuality": 90,
          "ImageGIFQuality": "Default",
          "ImageAutoUseJPEG": true,
          "ImageAutoUseJPEGSize": 2048,
          "ImageAutoJPEGQuality": false,
          "FileExistAction": "Ask",
          "ImageEffectPresets": [
            {
              "Name": "",
              "Effects": [
                {
                  "$type": "ShareX.ImageEffectsLib.Canvas, ShareX.ImageEffectsLib",
                  "Margin": "0, 0, 0, 30",
                  "MarginMode": "AbsoluteSize",
                  "Color": "Transparent",
                  "Enabled": true
                },
                {
                  "$type": "ShareX.ImageEffectsLib.DrawText, ShareX.ImageEffectsLib",
                  "Text": "Text watermark",
                  "Placement": "BottomRight",
                  "Offset": "0, 0",
                  "AutoHide": false,
                  "TextFont": "Arial, 11.25pt",
                  "TextRenderingMode": "SystemDefault",
                  "TextColor": "235, 235, 235",
                  "DrawTextShadow": true,
                  "TextShadowColor": "Black",
                  "TextShadowOffset": "-1, -1",
                  "CornerRadius": 4,
                  "Padding": "5, 5, 5, 5",
                  "DrawBorder": true,
                  "BorderColor": "Black",
                  "BorderSize": 1,
                  "DrawBackground": true,
                  "BackgroundColor": "42, 47, 56",
                  "UseGradient": true,
                  "Gradient": {
                    "Type": "Vertical",
                    "Colors": [
                      {
                        "Color": "68, 120, 194",
                        "Location": 0.0
                      },
                      {
                        "Color": "13, 58, 122",
                        "Location": 50.0
                      },
                      {
                        "Color": "6, 36, 78",
                        "Location": 50.0
                      },
                      {
                        "Color": "23, 89, 174",
                        "Location": 100.0
                      }
                    ]
                  },
                  "Enabled": true
                }
              ]
            }
          ],
          "SelectedImageEffectPreset": 0,
          "ShowImageEffectsWindowAfterCapture": false,
          "ImageEffectOnlyRegionCapture": false,
          "ThumbnailWidth": 200,
          "ThumbnailHeight": 0,
          "ThumbnailName": "-thumbnail",
          "ThumbnailCheckSize": false
        },
        "UseDefaultCaptureSettings": true,
        "CaptureSettings": {
          "ShowCursor": true,
          "ScreenshotDelay": 0.0,
          "CaptureTransparent": false,
          "CaptureShadow": true,
          "CaptureShadowOffset": 100,
          "CaptureClientArea": false,
          "CaptureAutoHideTaskbar": false,
          "CaptureCustomRegion": "0, 0, 0, 0",
          "SurfaceOptions": {
            "QuickCrop": true,
            "MinimumSize": 5,
            "RegionCaptureActionRightClick": "RemoveShapeCancelCapture",
            "RegionCaptureActionMiddleClick": "SwapToolType",
            "RegionCaptureActionX1Click": "CaptureFullscreen",
            "RegionCaptureActionX2Click": "CaptureActiveMonitor",
            "DetectWindows": true,
            "DetectControls": true,
            "UseDimming": true,
            "UseCustomInfoText": false,
            "CustomInfoText": "X: $x, Y: $y$nR: $r, G: $g, B: $b$nHex: $hex",
            "SnapSizes": [
              {
                "Width": 426,
                "Height": 240
              },
              {
                "Width": 640,
                "Height": 360
              },
              {
                "Width": 854,
                "Height": 480
              },
              {
                "Width": 1280,
                "Height": 720
              },
              {
                "Width": 1920,
                "Height": 1080
              }
            ],
            "ShowInfo": true,
            "ShowMagnifier": true,
            "UseSquareMagnifier": false,
            "MagnifierPixelCount": 15,
            "MagnifierPixelSize": 10,
            "ShowCrosshair": false,
            "UseLightResizeNodes": false,
            "EnableAnimations": true,
            "IsFixedSize": false,
            "FixedSize": "250, 250",
            "ShowFPS": false,
            "FPSLimit": 100,
            "MenuIconSize": 0,
            "MenuLocked": false,
            "RememberMenuState": false,
            "MenuCollapsed": false,
            "MenuPosition": "0, 0",
            "InputDelay": 500,
            "SwitchToDrawingToolAfterSelection": false,
            "SwitchToSelectionToolAfterDrawing": false,
            "ActiveMonitorMode": false,
            "AnnotationOptions": {
              "ImageInterpolationMode": "NearestNeighbor",
              "StickerPacks": [
                {
                  "FolderPath": "Stickers\\BlobEmoji",
                  "Name": "Blob Emoji"
                }
              ],
              "SelectedStickerPack": 0,
              "RegionCornerRadius": 0,
              "BorderColor": "242, 60, 60",
              "BorderSize": 4,
              "BorderStyle": "Solid",
              "FillColor": "0, 0, 0, 0",
              "DrawingCornerRadius": 3,
              "Shadow": true,
              "ShadowColor": "125, 0, 0, 0",
              "ShadowOffset": "0, 1",
              "LineCenterPointCount": 1,
              "ArrowHeadDirection": "End",
              "TextOutlineOptions": {
                "Font": "Arial",
                "Size": 25,
                "Color": "White",
                "Bold": true,
                "Italic": false,
                "Underline": false,
                "AlignmentHorizontal": "Center",
                "AlignmentVertical": "Center",
                "Gradient": false,
                "Color2": "240, 240, 240",
                "GradientMode": "Vertical",
                "EnterKeyNewLine": false
              },
              "TextOutlineBorderColor": "242, 60, 60",
              "TextOutlineBorderSize": 5,
              "TextOptions": {
                "Font": "Arial",
                "Size": 18,
                "Color": "White",
                "Bold": false,
                "Italic": false,
                "Underline": false,
                "AlignmentHorizontal": "Center",
                "AlignmentVertical": "Center",
                "Gradient": false,
                "Color2": "240, 240, 240",
                "GradientMode": "Vertical",
                "EnterKeyNewLine": false
              },
              "TextBorderColor": "White",
              "TextBorderSize": 0,
              "TextFillColor": "242, 60, 60",
              "LastImageFilePath": null,
              "StepBorderColor": "White",
              "StepBorderSize": 0,
              "StepFillColor": "242, 60, 60",
              "StepFontSize": 18,
              "StepType": "Numbers",
              "MagnifyStrength": 200,
              "StickerSize": 64,
              "LastStickerPath": null,
              "BlurRadius": 35,
              "PixelateSize": 15,
              "HighlightColor": "Yellow"
            },
            "LastRegionTool": "RegionRectangle",
            "LastAnnotationTool": "DrawingRectangle",
            "LastEditorTool": "DrawingRectangle",
            "ImageEditorStartMode": "AutoSize",
            "ImageEditorWindowState": {
              "Location": "0, 0",
              "Size": "0, 0",
              "IsMaximized": false
            },
            "ZoomToFitOnOpen": false,
            "EditorAutoCopyImage": false,
            "AutoCloseEditorOnTask": false,
            "ShowEditorPanTip": true,
            "ImageEditorResizeInterpolationMode": "Bicubic",
            "EditorNewImageSize": "800, 600",
            "EditorNewImageTransparent": false,
            "EditorNewImageBackgroundColor": "White",
            "EditorCanvasColor": "Transparent",
            "ImageEffectPresets": [],
            "SelectedImageEffectPreset": 0,
            "ColorPickerOptions": {
              "RecentColorsSelected": true
            },
            "ScreenColorPickerInfoText": ""
          },
          "FFmpegOptions": {
            "OverrideCLIPath": false,
            "CLIPath": "%MyDocuments%\\ShareX\\Tools\\ffmpeg.exe",
            "VideoSource": "GDI grab",
            "AudioSource": "None",
            "VideoCodec": "libx264",
            "AudioCodec": "libvoaacenc",
            "UserArgs": "",
            "UseCustomCommands": false,
            "CustomCommands": "",
            "x264_Preset": "ultrafast",
            "x264_CRF": 28,
            "x264_Use_Bitrate": false,
            "x264_Bitrate": 3000,
            "VPx_Bitrate": 3000,
            "XviD_QScale": 10,
            "NVENC_Preset": "llhp",
            "NVENC_Bitrate": 3000,
            "GIFStatsMode": "full",
            "GIFDither": "sierra2_4a",
            "GIFBayerScale": 2,
            "AMF_Usage": "transcoding",
            "AMF_Quality": "speed",
            "QSV_Preset": "fast",
            "QSV_Bitrate": 3000,
            "AAC_Bitrate": 128,
            "Opus_Bitrate": 128,
            "Vorbis_QScale": 3,
            "MP3_QScale": 4
          },
          "ScreenRecordFPS": 30,
          "GIFFPS": 15,
          "ScreenRecordShowCursor": true,
          "ScreenRecordAutoStart": true,
          "ScreenRecordStartDelay": 0.0,
          "ScreenRecordFixedDuration": false,
          "ScreenRecordDuration": 3.0,
          "ScreenRecordTwoPassEncoding": false,
          "ScreenRecordAskConfirmationOnAbort": false,
          "ScreenRecordTransparentRegion": false,
          "ScrollingCaptureOptions": {
            "TrimLeftEdge": 0,
            "TrimTopEdge": 0,
            "TrimRightEdge": 0,
            "TrimBottomEdge": 0,
            "CombineAdjustmentVertical": 0,
            "CombineAdjustmentLastVertical": 0,
            "IgnoreLast": 0,
            "ScrollMethod": "Automatic",
            "StartDelay": 500,
            "ScrollDelay": 500,
            "MaximumScrollCount": 20,
            "StartSelectionAutomatically": true,
            "StartCaptureAutomatically": false,
            "ScrollTopMethodBeforeCapture": "All",
            "AutoDetectScrollEnd": true,
            "RemoveDuplicates": true,
            "AfterCaptureAutomaticallyCombine": true,
            "AutoUpload": false
          },
          "OCROptions": {
            "Language": "en",
            "ScaleFactor": 2.0,
            "SingleLine": false,
            "Silent": false,
            "AutoCopy": false,
            "ServiceLinks": [
              {
                "Name": "Google Translate",
                "URL": "https://translate.google.com/?sl=auto&tl=en&text={0}&op=translate"
              },
              {
                "Name": "Google Search",
                "URL": "https://www.google.com/search?q={0}"
              },
              {
                "Name": "Bing",
                "URL": "https://www.bing.com/search?q={0}"
              }
            ],
            "SelectedServiceLink": 0
          }
        },
        "UseDefaultUploadSettings": true,
        "UploadSettings": {
          "UseCustomTimeZone": false,
          "CustomTimeZone": {
            "Id": "UTC",
            "DisplayName": "UTC",
            "StandardName": "UTC",
            "DaylightName": "UTC",
            "BaseUtcOffset": "00:00:00",
            "AdjustmentRules": null,
            "SupportsDaylightSavingTime": false
          },
          "NameFormatPattern": "%ra{10}",
          "NameFormatPatternActiveWindow": "%pn_%ra{10}",
          "FileUploadUseNamePattern": false,
          "FileUploadReplaceProblematicCharacters": false,
          "URLRegexReplace": false,
          "URLRegexReplacePattern": "^https?://(.+)$",
          "URLRegexReplaceReplacement": "https://$1",
          "ClipboardUploadURLContents": false,
          "ClipboardUploadShortenURL": false,
          "ClipboardUploadShareURL": false,
          "ClipboardUploadAutoIndexFolder": false,
          "UploaderFilters": []
        },
        "UseDefaultActions": true,
        "ExternalPrograms": [],
        "UseDefaultToolsSettings": true,
        "ToolsSettings": {
          "ScreenColorPickerFormat": "$hex",
          "ScreenColorPickerFormatCtrl": "$r255, $g255, $b255",
          "ScreenColorPickerInfoText": "RGB: $r255, $g255, $b255$nHex: $hex$nX: $x Y: $y",
          "IndexerSettings": {
            "Output": "Html",
            "SkipHiddenFolders": true,
            "SkipHiddenFiles": true,
            "MaxDepthLevel": 0,
            "ShowSizeInfo": true,
            "AddFooter": true,
            "IndentationText": "|___",
            "AddEmptyLineAfterFolders": false,
            "UseCustomCSSFile": false,
            "DisplayPath": false,
            "DisplayPathLimited": false,
            "CustomCSSFilePath": "",
            "UseAttribute": true,
            "CreateParseableJson": true
          },
          "ImageCombinerOptions": {
            "Orientation": "Vertical",
            "Alignment": "LeftOrTop",
            "Space": 0,
            "AutoFillBackground": false
          },
          "VideoConverterOptions": {
            "InputFilePath": null,
            "OutputFolderPath": null,
            "OutputFileName": null,
            "VideoCodec": "x264",
            "VideoQuality": 23,
            "UseCustomArguments": false,
            "CustomArguments": "",
            "AutoOpenFolder": true
          },
          "VideoThumbnailOptions": {
            "DefaultOutputDirectory": null,
            "LastVideoPath": null,
            "OutputLocation": "DefaultFolder",
            "CustomOutputDirectory": "",
            "ImageFormat": "PNG",
            "ThumbnailCount": 9,
            "FilenameSuffix": "_Thumbnail",
            "RandomFrame": false,
            "UploadThumbnails": true,
            "KeepScreenshots": false,
            "OpenDirectory": false,
            "MaxThumbnailWidth": 512,
            "CombineScreenshots": true,
            "Padding": 10,
            "Spacing": 10,
            "ColumnCount": 3,
            "AddVideoInfo": true,
            "AddTimestamp": true,
            "DrawShadow": true,
            "DrawBorder": true
          },
          "BorderlessWindowSettings": {
            "RememberWindowTitle": true,
            "WindowTitle": null,
            "AutoCloseWindow": false,
            "ExcludeTaskbarArea": false
          }
        },
        "UseDefaultAdvancedSettings": true,
        "AdvancedSettings": {
          "CapturePath": null,
          "ProcessImagesDuringFileUpload": false,
          "ProcessImagesDuringClipboardUpload": false,
          "UseAfterCaptureTasksDuringFileUpload": true,
          "TextTaskSaveAsFile": true,
          "AutoClearClipboard": false,
          "RegionCaptureDisableAnnotation": false,
          "ImageExtensions": [
            "jpg",
            "jpeg",
            "png",
            "gif",
            "bmp",
            "ico",
            "tif",
            "tiff"
          ],
          "TextExtensions": [
            "txt",
            "log",
            "nfo",
            "c",
            "cpp",
            "cc",
            "cxx",
            "h",
            "hpp",
            "hxx",
            "cs",
            "vb",
            "html",
            "htm",
            "xhtml",
            "xht",
            "xml",
            "css",
            "js",
            "php",
            "bat",
            "java",
            "lua",
            "py",
            "pl",
            "cfg",
            "ini",
            "dart",
            "go",
            "gohtml"
          ],
          "EarlyCopyURL": false,
          "TextFileExtension": "txt",
          "TextFormat": "text",
          "TextCustom": "",
          "TextCustomEncodeInput": true,
          "ResultForceHTTPS": false,
          "ClipboardContentFormat": "$result",
          "BalloonTipContentFormat": "$result",
          "OpenURLFormat": "$result",
          "AutoShortenURLLength": 0,
          "AutoCloseAfterUploadForm": false,
          "NamePatternMaxLength": 100,
          "NamePatternMaxTitleLength": 50
        },
        "WatchFolderEnabled": false,
        "WatchFolderList": []
      }
    }
  ],
  "ApplicationVersion": "14.1.0"
}