{
  "DropboxURLType": "Default",
  "ImgurAccountType": "Anonymous",
  "ImgurDirectLink": true,
  "ImgurThumbnailType": "Medium_Thumbnail",
  "ImgurUseGIFV": true,
  "ImgurOAuth2Info": null,
  "ImgurUploadSelectedAlbum": false,
  "ImgurSelectedAlbum": null,
  "ImgurAlbumList": null,
  "ImageShackSettings": {
    "Username": null,
    "Password": null,
    "IsPublic": false,
    "Auth_token": null,
    "ThumbnailWidth": 256,
    "ThumbnailHeight": 0
  },
  "FlickrOAuthInfo": null,
  "FlickrSettings": {
    "DirectLink": true,
    "Title": null,
    "Description": null,
    "Tags": null,
    "IsPublic": null,
    "IsFriend": null,
    "IsFamily": null,
    "SafetyLevel": null,
    "ContentType": null,
    "Hidden": null
  },
  "PhotobucketOAuthInfo": null,
  "PhotobucketAccountInfo": null,
  "GooglePhotosOAuth2Info": null,
  "GooglePhotosUserInfo": null,
  "GooglePhotosAlbumID": "",
  "GooglePhotosIsPublic": false,
  "CheveretoUploader": {
    "UploadURL": null,
    "APIKey": null
  },
  "CheveretoDirectURL": true,
  "VgymeUserKey": "",
  "PastebinSettings": {
    "Username": null,
    "Password": null,
    "Exposure": "Unlisted",
    "Expiration": "N",
    "Title": null,
    "TextFormat": "text",
    "UserKey": null,
    "RawURL": false
  },
  "Paste_eeUserKey": "",
  "Paste_eeEncryptPaste": false,
  "GistOAuth2Info": null,
  "GistPublishPublic": false,
  "GistRawURL": false,
  "GistCustomURL": "",
  "UpasteUserKey": "",
  "UpasteIsPublic": false,
  "HastebinCustomDomain": "https://hastebin.com",
  "HastebinSyntaxHighlighting": "hs",
  "HastebinUseFileExtension": true,
  "OneTimeSecretAPIUsername": "",
  "OneTimeSecretAPIKey": "",
  "PastieIsPublic": false,
  "DropboxOAuth2Info": null,
  "DropboxUploadPath": "ShareX/%y/%mo",
  "DropboxAutoCreateShareableLink": true,
  "DropboxUseDirectLink": false,
  "FTPAccountList": [],
  "FTPSelectedImage": 0,
  "FTPSelectedText": 0,
  "FTPSelectedFile": 0,
  "OneDriveV2OAuth2Info": null,
  "OneDriveV2SelectedFolder": {
    "id": "",
    "name": "Root folder",
    "webUrl": null
  },
  "OneDriveAutoCreateShareableLink": true,
  "GfycatOAuth2Info": null,
  "GfycatAccountType": "Anonymous",
  "GfycatIsPublic": false,
  "GfycatKeepAudio": true,
  "GfycatTitle": "ShareX",
  "GoogleDriveOAuth2Info": null,
  "GoogleDriveIsPublic": true,
  "GoogleDriveDirectLink": false,
  "GoogleDriveUseFolder": false,
  "GoogleDriveFolderID": "",
  "GoogleDriveSelectedDrive": {
    "id": "",
    "name": "My drive"
  },
  "PuushAPIKey": "",
  "SendSpaceAccountType": "Anonymous",
  "SendSpaceUsername": "",
  "SendSpacePassword": "",
  "BoxOAuth2Info": null,
  "BoxSelectedFolder": {
    "type": "folder",
    "id": "0",
    "sequence_id": null,
    "etag": null,
    "name": "Root folder",
    "shared_link": null,
    "parent": null
  },
  "BoxShare": true,
  "BoxShareAccessLevel": "Open",
  "LocalhostrEmail": "",
  "LocalhostrPassword": "",
  "LocalhostrDirectURL": true,
  "LocalhostAccountList": [],
  "LocalhostSelectedImages": 0,
  "LocalhostSelectedText": 0,
  "LocalhostSelectedFiles": 0,
  "EmailSmtpServer": "smtp.gmail.com",
  "EmailSmtpPort": 587,
  "EmailFrom": "...@gmail.com",
  "EmailPassword": "",
  "EmailRememberLastTo": true,
  "EmailLastTo": "",
  "EmailDefaultSubject": "Sending email from ShareX",
  "EmailDefaultBody": "Screenshot is attached.",
  "EmailAutomaticSend": false,
  "EmailAutomaticSendTo": "",
  "JiraHost": "http://",
  "JiraIssuePrefix": "PROJECT-",
  "JiraOAuthInfo": null,
  "MegaAuthInfos": null,
  "MegaParentNodeId": null,
  "AmazonS3Settings": {
    "AccessKeyID": null,
    "SecretAccessKey": null,
    "Endpoint": null,
    "Region": null,
    "UsePathStyle": false,
    "Bucket": null,
    "ObjectPrefix": "ShareX/%y/%mo",
    "UseCustomCNAME": false,
    "CustomDomain": null,
    "StorageClass": "STANDARD",
    "SetPublicACL": true,
    "SignedPayload": false,
    "RemoveExtensionImage": false,
    "RemoveExtensionVideo": false,
    "RemoveExtensionText": false
  },
  "OwnCloudHost": "",
  "OwnCloudUsername": "",
  "OwnCloudPassword": "",
  "OwnCloudPath": "/",
  "OwnCloudExpiryTime": 7,
  "OwnCloudCreateShare": true,
  "OwnCloudDirectLink": false,
  "OwnCloud81Compatibility": true,
  "OwnCloudUsePreviewLinks": false,
  "OwnCloudAppendFileNameToURL": false,
  "OwnCloudAutoExpire": false,
  "MediaFireUsername": "",
  "MediaFirePassword": "",
  "MediaFirePath": "",
  "MediaFireUseLongLink": false,
  "PushbulletSettings": {
    "UserAPIKey": "",
    "DeviceList": [],
    "SelectedDevice": 0
  },
  "LambdaSettings": {
    "UserAPIKey": "",
    "UploadURL": "https://lbda.net/"
  },
  "LithiioSettings": {
    "UserAPIKey": ""
  },
  "TeknikOAuth2Info": null,
  "TeknikUploadAPIUrl": "https://api.teknik.io/v1/Upload",
  "TeknikPasteAPIUrl": "https://api.teknik.io/v1/Paste",
  "TeknikUrlShortenerAPIUrl": "https://api.teknik.io/v1/Shorten",
  "TeknikAuthUrl": "https://auth.teknik.io",
  "TeknikExpirationUnit": "Never",
  "TeknikExpirationLength": 1,
  "TeknikEncryption": false,
  "TeknikGenerateDeletionKey": false,
  "PomfUploader": {
    "UploadURL": null,
    "ResultURL": null
  },
  "SulAPIKey": "",
  "SeafileAPIURL": "",
  "SeafileAuthToken": "",
  "SeafileRepoID": "",
  "SeafilePath": "/",
  "SeafileIsLibraryEncrypted": false,
  "SeafileEncryptedLibraryPassword": "",
  "SeafileCreateShareableURL": true,
  "SeafileCreateShareableURLRaw": false,
  "SeafileIgnoreInvalidCert": false,
  "SeafileShareDaysToExpire": 0,
  "SeafileSharePassword": "",
  "SeafileAccInfoEmail": "",
  "SeafileAccInfoUsage": "",
  "StreamableUsername": "",
  "StreamablePassword": "",
  "StreamableUseDirectURL": false,
  "AzureStorageAccountName": "",
  "AzureStorageAccountAccessKey": "",
  "AzureStorageContainer": "",
  "AzureStorageEnvironment": "blob.core.windows.net",
  "AzureStorageCustomDomain": "",
  "AzureStorageUploadPath": "",
  "B2ApplicationKeyId": "",
  "B2ApplicationKey": "",
  "B2BucketName": "",
  "B2UploadPath": "ShareX/%y/%mo",
  "B2UseCustomUrl": false,
  "B2CustomUrl": "https://example.com",
  "PlikSettings": {
    "URL": "",
    "APIKey": "",
    "IsSecured": false,
    "Login": "",
    "Password": "",
    "Removable": false,
    "OneShot": false,
    "TTLUnit": 2,
    "TTL": 30.0,
    "HasComment": false,
    "Comment": ""
  },
  "YouTubeOAuth2Info": null,
  "YouTubePrivacyType": "Public",
  "YouTubeUseShortenedLink": false,
  "YouTubeShowDialog": false,
  "GoogleCloudStorageOAuth2Info": null,
  "GoogleCloudStorageBucket": "",
  "GoogleCloudStorageDomain": "",
  "GoogleCloudStorageObjectPrefix": "ShareX/%y/%mo",
  "GoogleCloudStorageRemoveExtensionImage": false,
  "GoogleCloudStorageRemoveExtensionVideo": false,
  "GoogleCloudStorageRemoveExtensionText": false,
  "GoogleCloudStorageSetPublicACL": true,
  "BitlyOAuth2Info": null,
  "BitlyDomain": "",
  "YourlsAPIURL": "http://yoursite.com/yourls-api.php",
  "YourlsSignature": "",
  "YourlsUsername": "",
  "YourlsPassword": "",
  "AdFlyAPIUID": "",
  "AdFlyAPIKEY": "",
  "PolrAPIHostname": "",
  "PolrAPIKey": "",
  "PolrIsSecret": false,
  "PolrUseAPIv1": false,
  "FirebaseWebAPIKey": "",
  "FirebaseDynamicLinkDomain": "",
  "FirebaseIsShort": false,
  "KuttSettings": {
    "Host": "https://kutt.it",
    "APIKey": null,
    "Password": null,
    "Reuse": false,
    "Domain": null
  },
  "ZeroWidthShortenerURL": "https://api.zws.im",
  "ZeroWidthShortenerToken": "",
  "TwitterOAuthInfoList": [],
  "TwitterSelectedAccount": 0,
  "TwitterSkipMessageBox": false,
  "TwitterDefaultMessage": "",
  "CustomUploadersList": [],
  "CustomImageUploaderSelected": 0,
  "CustomTextUploaderSelected": 0,
  "CustomFileUploaderSelected": 0,
  "CustomURLShortenerSelected": 0,
  "CustomURLSharingServiceSelected": 0,
  "ApplicationVersion": "14.1.0"
}